[{"tourId":"1a0a1ca8-9bd8-47e8-9f1f-5094c8463d0f","tour":"Paris","hotel":"Hilton","carRental":"luxury","arrivalDate":"2024-01-11","departureDate":"2024-01-20","adults":"4","children":"3","tourCost":1550,"weather":"Sunny","timestamp":"28.01.2024, 19:19:24"},{"tourId":"39ecc3ca-739f-4609-91b3-5f5fbad8bc8e","tour":"Paris","hotel":"Hilton","carRental":"none","arrivalDate":"2024-01-12","departureDate":"2024-01-21","adults":"2","children":"3","tourCost":1350,"weather":"Sunny","timestamp":"28.01.2024, 19:22:52"},{"tourId":"efc241a0-1e50-41ca-9f1c-6f6326ec51bc","tour":"Paris","hotel":"rixos","carRental":"luxury","arrivalDate":"2024-01-12","departureDate":"2024-01-21","adults":"4","children":"4","tourCost":1600,"weather":"Sunny","timestamp":"28.01.2024, 19:24:26"},{"tourId":"da6e65f4-402f-4ca9-ac69-aa28114b2bac","tour":"Paris","hotel":"rixos","carRental":"luxury","arrivalDate":"0042-03-05","departureDate":"275760-03-04","adults":"453","children":"453","tourCost":68950,"weather":"Sunny","timestamp":"28.01.2024, 19:32:12"}]